<?xml version="1.0" encoding="UTF-8"?>
<project version="4">
  <component name="BookmarkManager">
    <bookmark url="file://$PROJECT_DIR$" />
  </component>
  <component name="ChangeListManager">
    <list default="true" id="b4c15523-505b-4cab-ac3f-e4bf49972742" name="Default" comment="" />
    <ignored path="$PROJECT_DIR$/.tmp/" />
    <ignored path="$PROJECT_DIR$/temp/" />
    <ignored path="$PROJECT_DIR$/tmp/" />
    <option name="EXCLUDED_CONVERTED_TO_IGNORED" value="true" />
    <option name="TRACKING_ENABLED" value="true" />
    <option name="SHOW_DIALOG" value="false" />
    <option name="HIGHLIGHT_CONFLICTS" value="true" />
    <option name="HIGHLIGHT_NON_ACTIVE_CHANGELIST" value="false" />
    <option name="LAST_RESOLUTION" value="IGNORE" />
  </component>
  <component name="ExecutionTargetManager" SELECTED_TARGET="default_target" />
  <component name="FileEditorManager">
    <leaf SIDE_TABS_SIZE_LIMIT_KEY="300">
      <file leaf-file-name="bubble_chart.js" pinned="false" current-in-tab="false">
        <entry file="file://$PROJECT_DIR$/src/bubble_chart.js">
          <provider selected="true" editor-type-id="text-editor">
            <state relative-caret-position="253">
              <caret line="489" column="40" lean-forward="true" selection-start-line="489" selection-start-column="40" selection-end-line="489" selection-end-column="40" />
              <folding>
                <element signature="e#444#491#0" expanded="false" />
                <element signature="e#602#859#0" expanded="false" />
                <element signature="e#883#1267#0" expanded="false" />
                <element signature="e#1291#1539#0" expanded="false" />
                <element signature="e#1781#1829#0" expanded="false" />
                <element signature="n#!!block;n#charge#0;n#!!block;n#bubbleChart#0" expanded="false" />
                <element signature="e#2434#2470#0" expanded="false" />
                <element signature="e#2822#2859#0" expanded="false" />
                <element signature="e#2941#2993#0" expanded="false" />
                <element signature="e#3253#3716#0" expanded="false" />
                <element signature="n#!!block;n#createNodes#0;n#!!block;n#bubbleChart#0" expanded="false" />
                <element signature="e#4572#5153#0" expanded="false" />
                <element signature="e#5202#6915#0" expanded="false" />
                <element signature="e#6920#7204#0" expanded="false" />
                <element signature="n#!!block;n#ticked#0;n#!!block;n#bubbleChart#0" expanded="false" />
                <element signature="e#7343#7437#0" expanded="false" />
                <element signature="n#!!block;n#nodeYearPosX#0;n#!!block;n#bubbleChart#0" expanded="false" />
                <element signature="n#!!block;n#nodeYearPosY#0;n#!!block;n#bubbleChart#0" expanded="false" />
                <element signature="n#!!block;n#nodeGroupPos#0;n#!!block;n#bubbleChart#0" expanded="false" />
                <element signature="e#7658#7852#0" expanded="false" />
                <element signature="n#!!block;n#groupBubbles#0;n#!!block;n#bubbleChart#0" expanded="false" />
                <element signature="e#8233#8427#0" expanded="false" />
                <element signature="n#!!block;n#splitBubbles#0;n#!!block;n#bubbleChart#0" expanded="false" />
                <element signature="n#!!block;n#vertSplitBubbles#0;n#!!block;n#bubbleChart#0" expanded="false" />
                <element signature="e#9123#9163#0" expanded="false" />
                <element signature="n#!!block;n#hideYearTitles#0;n#!!block;n#bubbleChart#0" expanded="false" />
                <element signature="e#9238#9278#0" expanded="false" />
                <element signature="n#!!block;n#showYearTitles#0;n#!!block;n#bubbleChart#0" expanded="false" />
                <element signature="e#9742#9840#0" expanded="false" />
                <element signature="n#!!block;n#showDetail#0;n#!!block;n#bubbleChart#0" expanded="false" />
                <element signature="e#10560#10587#0" expanded="false" />
                <element signature="n#!!block;n#hideDetail#0;n#!!block;n#bubbleChart#0" expanded="false" />
                <element signature="e#10751#11018#0" expanded="false" />
                <element signature="e#11066#11236#0" expanded="false" />
                <element signature="e#11304#11342#0" expanded="false" />
                <element signature="e#11762#11798#0" expanded="false" />
                <element signature="e#12116#12153#0" expanded="false" />
                <element signature="e#12241#12293#0" expanded="false" />
                <element signature="e#12689#13174#0" expanded="false" />
                <element signature="e#13994#14599#0" expanded="false" />
                <element signature="e#16367#16663#0" expanded="false" />
                <element signature="n#!!block;n#ticked#0;n#!!block;n#lineGraph#0" expanded="false" />
                <element signature="e#16824#16924#0" expanded="false" />
                <element signature="n#!!block;n#nodeYearPosX#0;n#!!block;n#lineGraph#0" expanded="false" />
                <element signature="n#!!block;n#nodeYearPosY#0;n#!!block;n#lineGraph#0" expanded="false" />
                <element signature="n#!!block;n#nodeGroupPos#0;n#!!block;n#lineGraph#0" expanded="false" />
                <element signature="e#17163#17367#0" expanded="false" />
                <element signature="e#17778#17982#0" expanded="false" />
                <element signature="n#!!block;n#splitBubbles#0;n#!!block;n#lineGraph#0" expanded="false" />
                <element signature="n#!!block;n#vertSplitBubbles#0;n#!!block;n#lineGraph#0" expanded="false" />
                <element signature="e#18720#18764#0" expanded="false" />
                <element signature="n#!!block;n#hideYearTitles#0;n#!!block;n#lineGraph#0" expanded="false" />
                <element signature="e#18849#18893#0" expanded="false" />
                <element signature="n#!!block;n#showYearTitles#0;n#!!block;n#lineGraph#0" expanded="false" />
                <element signature="e#19419#19523#0" expanded="false" />
                <element signature="n#!!block;n#showDetail#0;n#!!block;n#lineGraph#0" expanded="false" />
                <element signature="e#20199#20230#0" expanded="false" />
                <element signature="n#!!block;n#hideDetail#0;n#!!block;n#lineGraph#0" expanded="false" />
                <element signature="e#20418#20697#0" expanded="false" />
                <element signature="e#20747#20953#0" expanded="false" />
                <element signature="e#21025#21173#0" expanded="false" />
                <element signature="n#!!block;n#makeCurseWords#0" expanded="false" />
                <element signature="n#!!block;n#curseGroups#0" expanded="false" />
                <element signature="n#!!block;n#checkForDuplicates#0" expanded="false" />
                <element signature="n#!!block;n#getExtraData#0" expanded="false" />
                <element signature="e#23636#23750#0" expanded="false" />
                <element signature="e#24307#24385#0" expanded="false" />
                <element signature="n#!!block;n#setupButtons#0" expanded="false" />
                <element signature="e#24958#25066#0" expanded="false" />
                <element signature="n#!!block;n#addCommas#0" expanded="false" />
              </folding>
            </state>
          </provider>
        </entry>
      </file>
      <file leaf-file-name=".gitignore" pinned="false" current-in-tab="true">
        <entry file="file://$PROJECT_DIR$/.gitignore">
          <provider selected="true" editor-type-id="text-editor">
            <state relative-caret-position="34">
              <caret line="2" column="6" lean-forward="false" selection-start-line="2" selection-start-column="6" selection-end-line="2" selection-end-column="6" />
              <folding />
            </state>
          </provider>
        </entry>
      </file>
      <file leaf-file-name="index.html" pinned="false" current-in-tab="false">
        <entry file="file://$PROJECT_DIR$/index.html">
          <provider selected="true" editor-type-id="text-editor">
            <state relative-caret-position="340">
              <caret line="20" column="18" lean-forward="false" selection-start-line="20" selection-start-column="18" selection-end-line="20" selection-end-column="18" />
              <folding />
            </state>
          </provider>
        </entry>
      </file>
      <file leaf-file-name="tarantino_extra.csv" pinned="false" current-in-tab="false">
        <entry file="file://$PROJECT_DIR$/data/tarantino_extra.csv">
          <provider selected="true" editor-type-id="text-editor">
            <state relative-caret-position="153">
              <caret line="9" column="30" lean-forward="false" selection-start-line="9" selection-start-column="30" selection-end-line="9" selection-end-column="30" />
              <folding />
            </state>
          </provider>
        </entry>
      </file>
      <file leaf-file-name="bubble_chart.css" pinned="false" current-in-tab="false">
        <entry file="file://$PROJECT_DIR$/css/bubble_chart.css">
          <provider selected="true" editor-type-id="text-editor">
            <state relative-caret-position="51">
              <caret line="3" column="0" lean-forward="false" selection-start-line="3" selection-start-column="0" selection-end-line="3" selection-end-column="0" />
              <folding />
            </state>
          </provider>
        </entry>
      </file>
    </leaf>
  </component>
  <component name="FindInProjectRecents">
    <findStrings>
      <find>yearsTitle</find>
      <find>cons</find>
      <find>splitBubbl</find>
      <find>nodeYearPos</find>
      <find>ticked</find>
      <find>fillColor</find>
      <find>other</find>
      <find>buttons</find>
      <find>toggle</find>
      <find>split</find>
      <find>butt</find>
      <find>vertsp</find>
      <find>selector</find>
      <find>createGr</find>
    </findStrings>
  </component>
  <component name="Git.Settings">
    <option name="ROOT_SYNC" value="DONT_SYNC" />
    <option name="RECENT_GIT_ROOT_PATH" value="$PROJECT_DIR$" />
  </component>
  <component name="IdeDocumentHistory">
    <option name="CHANGED_PATHS">
      <list>
        <option value="$PROJECT_DIR$/tarantino_extra.csv" />
        <option value="$PROJECT_DIR$/bubble_chart.css" />
        <option value="$PROJECT_DIR$/bubble_chart.js" />
        <option value="$PROJECT_DIR$/index.html" />
        <option value="$PROJECT_DIR$/css/bubble_chart.css" />
        <option value="$PROJECT_DIR$/README.md" />
        <option value="$PROJECT_DIR$/data/tarantino_extra.csv" />
        <option value="$PROJECT_DIR$/src/bubble_chart.js" />
        <option value="$PROJECT_DIR$/.gitignore" />
      </list>
    </option>
  </component>
  <component name="JsBuildToolGruntFileManager" detection-done="true" sorting="DEFINITION_ORDER" />
  <component name="JsBuildToolPackageJson" detection-done="true" sorting="DEFINITION_ORDER" />
  <component name="JsGulpfileManager">
    <detection-done>true</detection-done>
    <sorting>DEFINITION_ORDER</sorting>
  </component>
  <component name="ProjectFrameBounds">
    <option name="x" value="55" />
    <option name="y" value="2" />
    <option name="width" value="1316" />
    <option name="height" value="773" />
  </component>
  <component name="ProjectView">
    <navigator currentView="ProjectPane" proportions="" version="1">
      <flattenPackages />
      <showMembers />
      <showModules />
      <showLibraryContents />
      <hideEmptyPackages />
      <abbreviatePackageNames />
      <autoscrollToSource />
      <autoscrollFromSource />
      <sortByType />
      <manualOrder />
      <foldersAlwaysOnTop value="true" />
    </navigator>
    <panes>
      <pane id="ProjectPane">
        <subPane>
          <PATH>
            <PATH_ELEMENT>
              <option name="myItemId" value="PSMG-1-Tarantino" />
              <option name="myItemType" value="com.intellij.ide.projectView.impl.nodes.ProjectViewProjectNode" />
            </PATH_ELEMENT>
            <PATH_ELEMENT>
              <option name="myItemId" value="PSMG-1-Tarantino" />
              <option name="myItemType" value="com.intellij.ide.projectView.impl.nodes.PsiDirectoryNode" />
            </PATH_ELEMENT>
          </PATH>
          <PATH>
            <PATH_ELEMENT>
              <option name="myItemId" value="PSMG-1-Tarantino" />
              <option name="myItemType" value="com.intellij.ide.projectView.impl.nodes.ProjectViewProjectNode" />
            </PATH_ELEMENT>
            <PATH_ELEMENT>
              <option name="myItemId" value="PSMG-1-Tarantino" />
              <option name="myItemType" value="com.intellij.ide.projectView.impl.nodes.PsiDirectoryNode" />
            </PATH_ELEMENT>
            <PATH_ELEMENT>
              <option name="myItemId" value="data" />
              <option name="myItemType" value="com.intellij.ide.projectView.impl.nodes.PsiDirectoryNode" />
            </PATH_ELEMENT>
          </PATH>
        </subPane>
      </pane>
      <pane id="Scratches" />
      <pane id="Scope" />
    </panes>
  </component>
  <component name="PropertiesComponent">
    <property name="settings.editor.selected.configurable" value="vcs.Git" />
    <property name="WebServerToolWindowFactoryState" value="false" />
    <property name="last_opened_file_path" value="$PROJECT_DIR$/../../../../mi.ur.de/muc" />
    <property name="HbShouldOpenHtmlAsHb" value="" />
    <property name="node.js.path.for.package.eslint" value="project" />
    <property name="node.js.detected.package.eslint" value="true" />
    <property name="node.js.selected.package.eslint" value="" />
    <property name="node.js.path.for.package.standard" value="project" />
    <property name="node.js.detected.package.standard" value="true" />
    <property name="node.js.selected.package.standard" value="" />
  </component>
  <component name="RunDashboard">
    <option name="ruleStates">
      <list>
        <RuleState>
          <option name="name" value="ConfigurationTypeDashboardGroupingRule" />
        </RuleState>
        <RuleState>
          <option name="name" value="StatusDashboardGroupingRule" />
        </RuleState>
      </list>
    </option>
  </component>
  <component name="RunManager">
    <configuration default="true" type="DartCommandLineRunConfigurationType" factoryName="Dart Command Line Application">
      <method />
    </configuration>
    <configuration default="true" type="DartTestRunConfigurationType" factoryName="Dart Test">
      <method />
    </configuration>
    <configuration default="true" type="JavaScriptTestRunnerJest" factoryName="Jest">
      <node-interpreter value="project" />
      <working-dir value="" />
      <envs />
      <scope-kind value="ALL" />
      <method />
    </configuration>
    <configuration default="true" type="JavaScriptTestRunnerKarma" factoryName="Karma">
      <config-file value="" />
      <node-interpreter value="project" />
      <envs />
      <method />
    </configuration>
    <configuration default="true" type="JavaScriptTestRunnerProtractor" factoryName="Protractor">
      <config-file value="" />
      <node-interpreter value="project" />
      <envs />
      <method />
    </configuration>
    <configuration default="true" type="JavascriptDebugType" factoryName="JavaScript Debug">
      <method />
    </configuration>
    <configuration default="true" type="NodeJSConfigurationType" factoryName="Node.js" path-to-node="project" working-dir="">
      <method />
    </configuration>
    <configuration default="true" type="cucumber.js" factoryName="Cucumber.js">
      <option name="cucumberJsArguments" value="" />
      <option name="executablePath" />
      <option name="filePath" />
      <method />
    </configuration>
    <configuration default="true" type="js.build_tools.gulp" factoryName="Gulp.js">
      <method />
    </configuration>
    <configuration default="true" type="js.build_tools.npm" factoryName="npm">
      <command value="run" />
      <scripts />
      <node-interpreter value="project" />
      <envs />
      <method />
    </configuration>
    <configuration default="true" type="mocha-javascript-test-runner" factoryName="Mocha">
      <node-interpreter>project</node-interpreter>
      <node-options />
      <working-directory />
      <pass-parent-env>true</pass-parent-env>
      <envs />
      <ui />
      <extra-mocha-options />
      <test-kind>DIRECTORY</test-kind>
      <test-directory />
      <recursive>false</recursive>
      <method />
    </configuration>
  </component>
  <component name="ShelveChangesManager" show_recycled="false">
    <option name="remove_strategy" value="false" />
  </component>
  <component name="TaskManager">
    <task active="true" id="Default" summary="Default task">
      <changelist id="b4c15523-505b-4cab-ac3f-e4bf49972742" name="Default" comment="" />
      <created>1494081811712</created>
      <option name="number" value="Default" />
      <option name="presentableId" value="Default" />
      <updated>1494081811712</updated>
      <workItem from="1494081813942" duration="14492000" />
      <workItem from="1494145357855" duration="8989000" />
      <workItem from="1494356105103" duration="1700000" />
      <workItem from="1494456346286" duration="879000" />
      <workItem from="1494497064086" duration="16000" />
      <workItem from="1494579388812" duration="32000" />
      <workItem from="1495181819747" duration="5669000" />
      <workItem from="1495549178330" duration="955000" />
      <workItem from="1496391671934" duration="16000" />
      <workItem from="1496391733359" duration="6448000" />
    </task>
    <servers />
  </component>
  <component name="TimeTrackingManager">
    <option name="totallyTimeSpent" value="39196000" />
  </component>
  <component name="ToolWindowManager">
    <frame x="55" y="2" width="1316" height="773" extended-state="1" />
    <editor active="true" />
    <layout>
      <window_info id="Project" active="false" anchor="left" auto_hide="false" internal_type="DOCKED" type="DOCKED" visible="true" show_stripe_button="true" weight="0.20461538" sideWeight="0.5" order="0" side_tool="false" content_ui="combo" />
      <window_info id="TODO" active="false" anchor="bottom" auto_hide="false" internal_type="DOCKED" type="DOCKED" visible="false" show_stripe_button="true" weight="0.33" sideWeight="0.5" order="6" side_tool="false" content_ui="tabs" />
      <window_info id="Event Log" active="false" anchor="bottom" auto_hide="false" internal_type="DOCKED" type="DOCKED" visible="false" show_stripe_button="true" weight="0.33" sideWeight="0.5" order="7" side_tool="true" content_ui="tabs" />
      <window_info id="Run" active="false" anchor="bottom" auto_hide="false" internal_type="DOCKED" type="DOCKED" visible="false" show_stripe_button="true" weight="0.33" sideWeight="0.5" order="2" side_tool="false" content_ui="tabs" />
      <window_info id="Version Control" active="false" anchor="bottom" auto_hide="false" internal_type="DOCKED" type="DOCKED" visible="false" show_stripe_button="true" weight="0.33" sideWeight="0.5" order="7" side_tool="false" content_ui="tabs" />
      <window_info id="Structure" active="false" anchor="left" auto_hide="false" internal_type="DOCKED" type="DOCKED" visible="false" show_stripe_button="true" weight="0.25" sideWeight="0.5" order="1" side_tool="false" content_ui="tabs" />
      <window_info id="Terminal" active="false" anchor="bottom" auto_hide="false" internal_type="DOCKED" type="DOCKED" visible="false" show_stripe_button="true" weight="0.33" sideWeight="0.5" order="7" side_tool="false" content_ui="tabs" />
      <window_info id="Debug" active="false" anchor="bottom" auto_hide="false" internal_type="DOCKED" type="DOCKED" visible="false" show_stripe_button="true" weight="0.4" sideWeight="0.5" order="3" side_tool="false" content_ui="tabs" />
      <window_info id="Favorites" active="false" anchor="left" auto_hide="false" internal_type="DOCKED" type="DOCKED" visible="false" show_stripe_button="true" weight="0.33" sideWeight="0.5" order="2" side_tool="true" content_ui="tabs" />
      <window_info id="Cvs" active="false" anchor="bottom" auto_hide="false" internal_type="DOCKED" type="DOCKED" visible="false" show_stripe_button="true" weight="0.25" sideWeight="0.5" order="4" side_tool="false" content_ui="tabs" />
      <window_info id="Message" active="false" anchor="bottom" auto_hide="false" internal_type="DOCKED" type="DOCKED" visible="false" show_stripe_button="true" weight="0.33" sideWeight="0.5" order="0" side_tool="false" content_ui="tabs" />
      <window_info id="Commander" active="false" anchor="right" auto_hide="false" internal_type="DOCKED" type="DOCKED" visible="false" show_stripe_button="true" weight="0.4" sideWeight="0.5" order="0" side_tool="false" content_ui="tabs" />
      <window_info id="Inspection" active="false" anchor="bottom" auto_hide="false" internal_type="DOCKED" type="DOCKED" visible="false" show_stripe_button="true" weight="0.4" sideWeight="0.5" order="5" side_tool="false" content_ui="tabs" />
      <window_info id="Hierarchy" active="false" anchor="right" auto_hide="false" internal_type="DOCKED" type="DOCKED" visible="false" show_stripe_button="true" weight="0.25" sideWeight="0.5" order="2" side_tool="false" content_ui="combo" />
      <window_info id="Find" active="false" anchor="bottom" auto_hide="false" internal_type="DOCKED" type="DOCKED" visible="false" show_stripe_button="true" weight="0.33" sideWeight="0.5" order="1" side_tool="false" content_ui="tabs" />
      <window_info id="Ant Build" active="false" anchor="right" auto_hide="false" internal_type="DOCKED" type="DOCKED" visible="false" show_stripe_button="true" weight="0.25" sideWeight="0.5" order="1" side_tool="false" content_ui="tabs" />
    </layout>
  </component>
  <component name="TypeScriptGeneratedFilesManager">
    <option name="processedProjectFiles" value="true" />
  </component>
  <component name="VcsContentAnnotationSettings">
    <option name="myLimit" value="2678400000" />
  </component>
  <component name="XDebuggerManager">
    <breakpoint-manager>
      <option name="time" value="1" />
    </breakpoint-manager>
    <watches-manager />
  </component>
  <component name="editorHistoryManager">
    <entry file="file://$PROJECT_DIR$/css/bubble_chart.css">
      <provider selected="true" editor-type-id="text-editor">
        <state relative-caret-position="51">
          <caret line="3" column="0" lean-forward="false" selection-start-line="3" selection-start-column="0" selection-end-line="3" selection-end-column="0" />
          <folding />
        </state>
      </provider>
    </entry>
    <entry file="file://$PROJECT_DIR$/src/bubble_chart.js">
      <provider selected="true" editor-type-id="text-editor">
        <state relative-caret-position="0">
          <caret line="0" column="0" lean-forward="false" selection-start-line="0" selection-start-column="0" selection-end-line="0" selection-end-column="0" />
          <folding>
            <element signature="e#444#491#0" expanded="false" />
            <element signature="e#602#859#0" expanded="false" />
            <element signature="e#883#1267#0" expanded="false" />
            <element signature="e#1291#1539#0" expanded="false" />
            <element signature="e#1781#1829#0" expanded="false" />
            <element signature="n#!!block;n#charge#0;n#!!block;n#bubbleChart#0" expanded="false" />
            <element signature="e#2434#2470#0" expanded="false" />
            <element signature="e#2822#2859#0" expanded="false" />
            <element signature="e#2941#2993#0" expanded="false" />
            <element signature="e#3253#3716#0" expanded="false" />
            <element signature="n#!!block;n#createNodes#0;n#!!block;n#bubbleChart#0" expanded="false" />
            <element signature="e#4572#5153#0" expanded="false" />
            <element signature="e#5202#6915#0" expanded="false" />
            <element signature="e#6920#7204#0" expanded="false" />
            <element signature="n#!!block;n#ticked#0;n#!!block;n#bubbleChart#0" expanded="false" />
            <element signature="e#7343#7437#0" expanded="false" />
            <element signature="n#!!block;n#nodeYearPosX#0;n#!!block;n#bubbleChart#0" expanded="false" />
            <element signature="n#!!block;n#nodeYearPosY#0;n#!!block;n#bubbleChart#0" expanded="false" />
            <element signature="n#!!block;n#nodeGroupPos#0;n#!!block;n#bubbleChart#0" expanded="false" />
            <element signature="e#7658#7852#0" expanded="false" />
            <element signature="n#!!block;n#groupBubbles#0;n#!!block;n#bubbleChart#0" expanded="false" />
            <element signature="e#8233#8427#0" expanded="false" />
            <element signature="n#!!block;n#splitBubbles#0;n#!!block;n#bubbleChart#0" expanded="false" />
            <element signature="n#!!block;n#vertSplitBubbles#0;n#!!block;n#bubbleChart#0" expanded="false" />
            <element signature="e#9123#9163#0" expanded="false" />
            <element signature="n#!!block;n#hideYearTitles#0;n#!!block;n#bubbleChart#0" expanded="false" />
            <element signature="e#9238#9278#0" expanded="false" />
            <element signature="n#!!block;n#showYearTitles#0;n#!!block;n#bubbleChart#0" expanded="false" />
            <element signature="e#9742#9840#0" expanded="false" />
            <element signature="n#!!block;n#showDetail#0;n#!!block;n#bubbleChart#0" expanded="false" />
            <element signature="e#10560#10587#0" expanded="false" />
            <element signature="n#!!block;n#hideDetail#0;n#!!block;n#bubbleChart#0" expanded="false" />
            <element signature="e#10751#11018#0" expanded="false" />
            <element signature="e#11066#11236#0" expanded="false" />
            <element signature="e#11304#11342#0" expanded="false" />
            <element signature="e#11762#11798#0" expanded="false" />
            <element signature="e#12116#12153#0" expanded="false" />
            <element signature="e#12241#12293#0" expanded="false" />
            <element signature="e#12689#13174#0" expanded="false" />
            <element signature="e#13994#14599#0" expanded="false" />
            <element signature="e#16367#16663#0" expanded="false" />
            <element signature="n#!!block;n#ticked#0;n#!!block;n#lineGraph#0" expanded="false" />
            <element signature="e#16824#16924#0" expanded="false" />
            <element signature="n#!!block;n#nodeYearPosX#0;n#!!block;n#lineGraph#0" expanded="false" />
            <element signature="n#!!block;n#nodeYearPosY#0;n#!!block;n#lineGraph#0" expanded="false" />
            <element signature="n#!!block;n#nodeGroupPos#0;n#!!block;n#lineGraph#0" expanded="false" />
            <element signature="e#17163#17367#0" expanded="false" />
            <element signature="e#17778#17982#0" expanded="false" />
            <element signature="n#!!block;n#splitBubbles#0;n#!!block;n#lineGraph#0" expanded="false" />
            <element signature="n#!!block;n#vertSplitBubbles#0;n#!!block;n#lineGraph#0" expanded="false" />
            <element signature="e#18720#18764#0" expanded="false" />
            <element signature="n#!!block;n#hideYearTitles#0;n#!!block;n#lineGraph#0" expanded="false" />
            <element signature="e#18849#18893#0" expanded="false" />
            <element signature="n#!!block;n#showYearTitles#0;n#!!block;n#lineGraph#0" expanded="false" />
            <element signature="e#19419#19523#0" expanded="false" />
            <element signature="n#!!block;n#showDetail#0;n#!!block;n#lineGraph#0" expanded="false" />
            <element signature="e#20199#20230#0" expanded="false" />
            <element signature="n#!!block;n#hideDetail#0;n#!!block;n#lineGraph#0" expanded="false" />
            <element signature="e#20418#20697#0" expanded="false" />
            <element signature="e#20747#20953#0" expanded="false" />
            <element signature="e#21025#21173#0" expanded="false" />
            <element signature="n#!!block;n#makeCurseWords#0" expanded="false" />
            <element signature="n#!!block;n#curseGroups#0" expanded="false" />
            <element signature="n#!!block;n#checkForDuplicates#0" expanded="false" />
            <element signature="n#!!block;n#getExtraData#0" expanded="false" />
            <element signature="e#23636#23750#0" expanded="false" />
            <element signature="e#24307#24385#0" expanded="false" />
            <element signature="n#!!block;n#setupButtons#0" expanded="false" />
            <element signature="e#24958#25066#0" expanded="false" />
            <element signature="n#!!block;n#addCommas#0" expanded="false" />
          </folding>
        </state>
      </provider>
    </entry>
    <entry file="file://$PROJECT_DIR$/index.html">
      <provider selected="true" editor-type-id="text-editor">
        <state relative-caret-position="340">
          <caret line="20" column="18" lean-forward="false" selection-start-line="20" selection-start-column="18" selection-end-line="20" selection-end-column="18" />
          <folding />
        </state>
      </provider>
    </entry>
    <entry file="file://$PROJECT_DIR$/data/tarantino_extra.csv">
      <provider selected="true" editor-type-id="text-editor">
        <state relative-caret-position="17">
          <caret line="1" column="0" lean-forward="false" selection-start-line="1" selection-start-column="0" selection-end-line="3" selection-end-column="24" />
          <folding />
        </state>
      </provider>
    </entry>
    <entry file="file://$PROJECT_DIR$/css/bubble_chart.css">
      <provider selected="true" editor-type-id="text-editor">
        <state relative-caret-position="51">
          <caret line="3" column="0" lean-forward="false" selection-start-line="3" selection-start-column="0" selection-end-line="3" selection-end-column="0" />
          <folding />
        </state>
      </provider>
    </entry>
    <entry file="file://$PROJECT_DIR$/src/bubble_chart.js">
      <provider selected="true" editor-type-id="text-editor">
        <state relative-caret-position="0">
          <caret line="0" column="0" lean-forward="false" selection-start-line="0" selection-start-column="0" selection-end-line="0" selection-end-column="0" />
          <folding>
            <element signature="e#444#491#0" expanded="false" />
            <element signature="e#602#859#0" expanded="false" />
            <element signature="e#883#1267#0" expanded="false" />
            <element signature="e#1291#1539#0" expanded="false" />
            <element signature="e#1781#1829#0" expanded="false" />
            <element signature="n#!!block;n#charge#0;n#!!block;n#bubbleChart#0" expanded="false" />
            <element signature="e#2434#2470#0" expanded="false" />
            <element signature="e#2822#2859#0" expanded="false" />
            <element signature="e#2941#2993#0" expanded="false" />
            <element signature="e#3253#3716#0" expanded="false" />
            <element signature="n#!!block;n#createNodes#0;n#!!block;n#bubbleChart#0" expanded="false" />
            <element signature="e#4572#5153#0" expanded="false" />
            <element signature="e#5202#6915#0" expanded="false" />
            <element signature="e#6920#7204#0" expanded="false" />
            <element signature="n#!!block;n#ticked#0;n#!!block;n#bubbleChart#0" expanded="false" />
            <element signature="e#7343#7437#0" expanded="false" />
            <element signature="n#!!block;n#nodeYearPosX#0;n#!!block;n#bubbleChart#0" expanded="false" />
            <element signature="n#!!block;n#nodeYearPosY#0;n#!!block;n#bubbleChart#0" expanded="false" />
            <element signature="n#!!block;n#nodeGroupPos#0;n#!!block;n#bubbleChart#0" expanded="false" />
            <element signature="e#7658#7852#0" expanded="false" />
            <element signature="n#!!block;n#groupBubbles#0;n#!!block;n#bubbleChart#0" expanded="false" />
            <element signature="e#8233#8427#0" expanded="false" />
            <element signature="n#!!block;n#splitBubbles#0;n#!!block;n#bubbleChart#0" expanded="false" />
            <element signature="n#!!block;n#vertSplitBubbles#0;n#!!block;n#bubbleChart#0" expanded="false" />
            <element signature="e#9123#9163#0" expanded="false" />
            <element signature="n#!!block;n#hideYearTitles#0;n#!!block;n#bubbleChart#0" expanded="false" />
            <element signature="e#9238#9278#0" expanded="false" />
            <element signature="n#!!block;n#showYearTitles#0;n#!!block;n#bubbleChart#0" expanded="false" />
            <element signature="e#9742#9840#0" expanded="false" />
            <element signature="n#!!block;n#showDetail#0;n#!!block;n#bubbleChart#0" expanded="false" />
            <element signature="e#10560#10587#0" expanded="false" />
            <element signature="n#!!block;n#hideDetail#0;n#!!block;n#bubbleChart#0" expanded="false" />
            <element signature="e#10751#11018#0" expanded="false" />
            <element signature="e#11066#11236#0" expanded="false" />
            <element signature="e#11304#11342#0" expanded="false" />
            <element signature="e#11762#11798#0" expanded="false" />
            <element signature="e#12116#12153#0" expanded="false" />
            <element signature="e#12241#12293#0" expanded="false" />
            <element signature="e#12689#13174#0" expanded="false" />
            <element signature="e#13994#14599#0" expanded="false" />
            <element signature="e#16367#16663#0" expanded="false" />
            <element signature="n#!!block;n#ticked#0;n#!!block;n#lineGraph#0" expanded="false" />
            <element signature="e#16824#16924#0" expanded="false" />
            <element signature="n#!!block;n#nodeYearPosX#0;n#!!block;n#lineGraph#0" expanded="false" />
            <element signature="n#!!block;n#nodeYearPosY#0;n#!!block;n#lineGraph#0" expanded="false" />
            <element signature="n#!!block;n#nodeGroupPos#0;n#!!block;n#lineGraph#0" expanded="false" />
            <element signature="e#17163#17367#0" expanded="false" />
            <element signature="e#17778#17982#0" expanded="false" />
            <element signature="n#!!block;n#splitBubbles#0;n#!!block;n#lineGraph#0" expanded="false" />
            <element signature="n#!!block;n#vertSplitBubbles#0;n#!!block;n#lineGraph#0" expanded="false" />
            <element signature="e#18720#18764#0" expanded="false" />
            <element signature="n#!!block;n#hideYearTitles#0;n#!!block;n#lineGraph#0" expanded="false" />
            <element signature="e#18849#18893#0" expanded="false" />
            <element signature="n#!!block;n#showYearTitles#0;n#!!block;n#lineGraph#0" expanded="false" />
            <element signature="e#19419#19523#0" expanded="false" />
            <element signature="n#!!block;n#showDetail#0;n#!!block;n#lineGraph#0" expanded="false" />
            <element signature="e#20199#20230#0" expanded="false" />
            <element signature="n#!!block;n#hideDetail#0;n#!!block;n#lineGraph#0" expanded="false" />
            <element signature="e#20418#20697#0" expanded="false" />
            <element signature="e#20747#20953#0" expanded="false" />
            <element signature="e#21025#21173#0" expanded="false" />
            <element signature="n#!!block;n#makeCurseWords#0" expanded="false" />
            <element signature="n#!!block;n#curseGroups#0" expanded="false" />
            <element signature="n#!!block;n#checkForDuplicates#0" expanded="false" />
            <element signature="n#!!block;n#getExtraData#0" expanded="false" />
            <element signature="e#23636#23750#0" expanded="false" />
            <element signature="e#24307#24385#0" expanded="false" />
            <element signature="n#!!block;n#setupButtons#0" expanded="false" />
            <element signature="e#24958#25066#0" expanded="false" />
            <element signature="n#!!block;n#addCommas#0" expanded="false" />
          </folding>
        </state>
      </provider>
    </entry>
    <entry file="file://$PROJECT_DIR$/index.html">
      <provider selected="true" editor-type-id="text-editor">
        <state relative-caret-position="340">
          <caret line="20" column="18" lean-forward="true" selection-start-line="20" selection-start-column="18" selection-end-line="20" selection-end-column="18" />
          <folding />
        </state>
      </provider>
    </entry>
    <entry file="file://$PROJECT_DIR$/data/tarantino_extra.csv">
      <provider selected="true" editor-type-id="text-editor">
        <state relative-caret-position="17">
          <caret line="1" column="0" lean-forward="false" selection-start-line="1" selection-start-column="0" selection-end-line="3" selection-end-column="24" />
          <folding />
        </state>
      </provider>
    </entry>
    <entry file="file://$PROJECT_DIR$/css/bubble_chart.css">
      <provider selected="true" editor-type-id="text-editor">
        <state relative-caret-position="51">
          <caret line="3" column="0" lean-forward="true" selection-start-line="3" selection-start-column="0" selection-end-line="3" selection-end-column="0" />
          <folding />
        </state>
      </provider>
    </entry>
    <entry file="file://$PROJECT_DIR$/src/bubble_chart.js">
      <provider selected="true" editor-type-id="text-editor">
        <state relative-caret-position="7089">
          <caret line="487" column="26" lean-forward="false" selection-start-line="487" selection-start-column="22" selection-end-line="487" selection-end-column="26" />
          <folding>
            <element signature="e#444#491#0" expanded="false" />
            <element signature="e#602#859#0" expanded="false" />
            <element signature="e#883#1267#0" expanded="false" />
            <element signature="e#1291#1539#0" expanded="false" />
            <element signature="e#1781#1829#0" expanded="false" />
            <element signature="n#!!block;n#charge#0;n#!!block;n#bubbleChart#0" expanded="false" />
            <element signature="e#2434#2470#0" expanded="false" />
            <element signature="e#2822#2859#0" expanded="false" />
            <element signature="e#2941#2993#0" expanded="false" />
            <element signature="e#3253#3716#0" expanded="false" />
            <element signature="n#!!block;n#createNodes#0;n#!!block;n#bubbleChart#0" expanded="false" />
            <element signature="e#4572#5153#0" expanded="false" />
            <element signature="e#5202#6915#0" expanded="false" />
            <element signature="e#6920#7204#0" expanded="false" />
            <element signature="n#!!block;n#ticked#0;n#!!block;n#bubbleChart#0" expanded="false" />
            <element signature="e#7343#7437#0" expanded="false" />
            <element signature="n#!!block;n#nodeYearPosX#0;n#!!block;n#bubbleChart#0" expanded="false" />
            <element signature="n#!!block;n#nodeYearPosY#0;n#!!block;n#bubbleChart#0" expanded="false" />
            <element signature="n#!!block;n#nodeGroupPos#0;n#!!block;n#bubbleChart#0" expanded="false" />
            <element signature="e#7658#7852#0" expanded="false" />
            <element signature="n#!!block;n#groupBubbles#0;n#!!block;n#bubbleChart#0" expanded="false" />
            <element signature="e#8233#8427#0" expanded="false" />
            <element signature="n#!!block;n#splitBubbles#0;n#!!block;n#bubbleChart#0" expanded="false" />
            <element signature="n#!!block;n#vertSplitBubbles#0;n#!!block;n#bubbleChart#0" expanded="false" />
            <element signature="e#9123#9163#0" expanded="false" />
            <element signature="n#!!block;n#hideYearTitles#0;n#!!block;n#bubbleChart#0" expanded="false" />
            <element signature="e#9238#9278#0" expanded="false" />
            <element signature="n#!!block;n#showYearTitles#0;n#!!block;n#bubbleChart#0" expanded="false" />
            <element signature="e#9742#9840#0" expanded="false" />
            <element signature="n#!!block;n#showDetail#0;n#!!block;n#bubbleChart#0" expanded="false" />
            <element signature="e#10560#10587#0" expanded="false" />
            <element signature="n#!!block;n#hideDetail#0;n#!!block;n#bubbleChart#0" expanded="false" />
            <element signature="e#10751#11018#0" expanded="false" />
            <element signature="e#11066#11236#0" expanded="false" />
            <element signature="e#11304#11342#0" expanded="false" />
            <element signature="e#11762#11798#0" expanded="false" />
            <element signature="e#12116#12153#0" expanded="false" />
            <element signature="e#12241#12293#0" expanded="false" />
            <element signature="e#12689#13174#0" expanded="false" />
            <element signature="e#13994#14599#0" expanded="false" />
            <element signature="e#16367#16663#0" expanded="false" />
            <element signature="n#!!block;n#ticked#0;n#!!block;n#lineGraph#0" expanded="false" />
            <element signature="e#16824#16924#0" expanded="false" />
            <element signature="n#!!block;n#nodeYearPosX#0;n#!!block;n#lineGraph#0" expanded="false" />
            <element signature="n#!!block;n#nodeYearPosY#0;n#!!block;n#lineGraph#0" expanded="false" />
            <element signature="n#!!block;n#nodeGroupPos#0;n#!!block;n#lineGraph#0" expanded="false" />
            <element signature="e#17163#17367#0" expanded="false" />
            <element signature="e#17778#17982#0" expanded="false" />
            <element signature="n#!!block;n#splitBubbles#0;n#!!block;n#lineGraph#0" expanded="false" />
            <element signature="n#!!block;n#vertSplitBubbles#0;n#!!block;n#lineGraph#0" expanded="false" />
            <element signature="e#18720#18764#0" expanded="false" />
            <element signature="n#!!block;n#hideYearTitles#0;n#!!block;n#lineGraph#0" expanded="false" />
            <element signature="e#18849#18893#0" expanded="false" />
            <element signature="n#!!block;n#showYearTitles#0;n#!!block;n#lineGraph#0" expanded="false" />
            <element signature="e#19419#19523#0" expanded="false" />
            <element signature="n#!!block;n#showDetail#0;n#!!block;n#lineGraph#0" expanded="false" />
            <element signature="e#20199#20230#0" expanded="false" />
            <element signature="n#!!block;n#hideDetail#0;n#!!block;n#lineGraph#0" expanded="false" />
            <element signature="e#20418#20697#0" expanded="false" />
            <element signature="e#20747#20953#0" expanded="false" />
            <element signature="e#21025#21173#0" expanded="false" />
            <element signature="n#!!block;n#makeCurseWords#0" expanded="false" />
            <element signature="n#!!block;n#curseGroups#0" expanded="false" />
            <element signature="n#!!block;n#checkForDuplicates#0" expanded="false" />
            <element signature="n#!!block;n#getExtraData#0" expanded="false" />
            <element signature="e#23636#23750#0" expanded="false" />
            <element signature="e#24307#24385#0" expanded="false" />
            <element signature="n#!!block;n#setupButtons#0" expanded="false" />
            <element signature="e#24958#25066#0" expanded="false" />
            <element signature="n#!!block;n#addCommas#0" expanded="false" />
          </folding>
        </state>
      </provider>
    </entry>
    <entry file="file://$PROJECT_DIR$/data/tarantino.csv">
      <provider selected="true" editor-type-id="text-editor">
        <state relative-caret-position="0">
          <caret line="0" column="0" lean-forward="false" selection-start-line="0" selection-start-column="0" selection-end-line="0" selection-end-column="0" />
        </state>
      </provider>
    </entry>
    <entry file="file://$PROJECT_DIR$/data/tarantino_extra.csv">
      <provider selected="true" editor-type-id="text-editor">
        <state relative-caret-position="0">
          <caret line="0" column="0" lean-forward="false" selection-start-line="0" selection-start-column="0" selection-end-line="0" selection-end-column="0" />
          <folding />
        </state>
      </provider>
    </entry>
    <entry file="file://$PROJECT_DIR$/css/bubble_chart.css">
      <provider selected="true" editor-type-id="text-editor">
        <state relative-caret-position="119">
          <caret line="7" column="1" lean-forward="true" selection-start-line="7" selection-start-column="1" selection-end-line="7" selection-end-column="1" />
          <folding />
        </state>
      </provider>
    </entry>
    <entry file="file://$PROJECT_DIR$/index.html">
      <provider selected="true" editor-type-id="text-editor">
        <state relative-caret-position="68">
          <caret line="4" column="51" lean-forward="true" selection-start-line="4" selection-start-column="51" selection-end-line="4" selection-end-column="51" />
          <folding />
        </state>
      </provider>
    </entry>
    <entry file="file://$PROJECT_DIR$/src/bubble_chart.js">
      <provider selected="true" editor-type-id="text-editor">
        <state relative-caret-position="7089">
          <caret line="487" column="26" lean-forward="false" selection-start-line="487" selection-start-column="22" selection-end-line="487" selection-end-column="26" />
          <folding>
            <element signature="e#444#491#0" expanded="false" />
            <element signature="e#602#859#0" expanded="false" />
            <element signature="e#883#1267#0" expanded="false" />
            <element signature="e#1291#1539#0" expanded="false" />
            <element signature="e#1781#1829#0" expanded="false" />
            <element signature="n#!!block;n#charge#0;n#!!block;n#bubbleChart#0" expanded="false" />
            <element signature="e#2434#2470#0" expanded="false" />
            <element signature="e#2822#2859#0" expanded="false" />
            <element signature="e#2941#2993#0" expanded="false" />
            <element signature="e#3253#3716#0" expanded="false" />
            <element signature="n#!!block;n#createNodes#0;n#!!block;n#bubbleChart#0" expanded="false" />
            <element signature="e#4572#5153#0" expanded="false" />
            <element signature="e#5202#6915#0" expanded="false" />
            <element signature="e#6920#7204#0" expanded="false" />
            <element signature="n#!!block;n#ticked#0;n#!!block;n#bubbleChart#0" expanded="false" />
            <element signature="e#7343#7437#0" expanded="false" />
            <element signature="n#!!block;n#nodeYearPosX#0;n#!!block;n#bubbleChart#0" expanded="false" />
            <element signature="n#!!block;n#nodeYearPosY#0;n#!!block;n#bubbleChart#0" expanded="false" />
            <element signature="n#!!block;n#nodeGroupPos#0;n#!!block;n#bubbleChart#0" expanded="false" />
            <element signature="e#7658#7852#0" expanded="false" />
            <element signature="n#!!block;n#groupBubbles#0;n#!!block;n#bubbleChart#0" expanded="false" />
            <element signature="e#8233#8427#0" expanded="false" />
            <element signature="n#!!block;n#splitBubbles#0;n#!!block;n#bubbleChart#0" expanded="false" />
            <element signature="n#!!block;n#vertSplitBubbles#0;n#!!block;n#bubbleChart#0" expanded="false" />
            <element signature="e#9123#9163#0" expanded="false" />
            <element signature="n#!!block;n#hideYearTitles#0;n#!!block;n#bubbleChart#0" expanded="false" />
            <element signature="e#9238#9278#0" expanded="false" />
            <element signature="n#!!block;n#showYearTitles#0;n#!!block;n#bubbleChart#0" expanded="false" />
            <element signature="e#9742#9840#0" expanded="false" />
            <element signature="n#!!block;n#showDetail#0;n#!!block;n#bubbleChart#0" expanded="false" />
            <element signature="e#10560#10587#0" expanded="false" />
            <element signature="n#!!block;n#hideDetail#0;n#!!block;n#bubbleChart#0" expanded="false" />
            <element signature="e#10751#11018#0" expanded="false" />
            <element signature="e#11066#11236#0" expanded="false" />
            <element signature="e#11304#11342#0" expanded="false" />
            <element signature="e#11762#11798#0" expanded="false" />
            <element signature="e#12116#12153#0" expanded="false" />
            <element signature="e#12241#12293#0" expanded="false" />
            <element signature="e#12689#13174#0" expanded="false" />
            <element signature="e#13994#14599#0" expanded="false" />
            <element signature="e#16367#16663#0" expanded="false" />
            <element signature="n#!!block;n#ticked#0;n#!!block;n#lineGraph#0" expanded="false" />
            <element signature="e#16824#16924#0" expanded="false" />
            <element signature="n#!!block;n#nodeYearPosX#0;n#!!block;n#lineGraph#0" expanded="false" />
            <element signature="n#!!block;n#nodeYearPosY#0;n#!!block;n#lineGraph#0" expanded="false" />
            <element signature="n#!!block;n#nodeGroupPos#0;n#!!block;n#lineGraph#0" expanded="false" />
            <element signature="e#17163#17367#0" expanded="false" />
            <element signature="e#17778#17982#0" expanded="false" />
            <element signature="n#!!block;n#splitBubbles#0;n#!!block;n#lineGraph#0" expanded="false" />
            <element signature="n#!!block;n#vertSplitBubbles#0;n#!!block;n#lineGraph#0" expanded="false" />
            <element signature="e#18720#18764#0" expanded="false" />
            <element signature="n#!!block;n#hideYearTitles#0;n#!!block;n#lineGraph#0" expanded="false" />
            <element signature="e#18849#18893#0" expanded="false" />
            <element signature="n#!!block;n#showYearTitles#0;n#!!block;n#lineGraph#0" expanded="false" />
            <element signature="e#19419#19523#0" expanded="false" />
            <element signature="n#!!block;n#showDetail#0;n#!!block;n#lineGraph#0" expanded="false" />
            <element signature="e#20199#20230#0" expanded="false" />
            <element signature="n#!!block;n#hideDetail#0;n#!!block;n#lineGraph#0" expanded="false" />
            <element signature="e#20418#20697#0" expanded="false" />
            <element signature="e#20747#20953#0" expanded="false" />
            <element signature="e#21025#21173#0" expanded="false" />
            <element signature="n#!!block;n#makeCurseWords#0" expanded="false" />
            <element signature="n#!!block;n#curseGroups#0" expanded="false" />
            <element signature="n#!!block;n#checkForDuplicates#0" expanded="false" />
            <element signature="n#!!block;n#getExtraData#0" expanded="false" />
            <element signature="e#23636#23750#0" expanded="false" />
            <element signature="e#24307#24385#0" expanded="false" />
            <element signature="n#!!block;n#setupButtons#0" expanded="false" />
            <element signature="e#24958#25066#0" expanded="false" />
            <element signature="n#!!block;n#addCommas#0" expanded="false" />
          </folding>
        </state>
      </provider>
    </entry>
    <entry file="file://$PROJECT_DIR$/data/tarantino.csv">
      <provider selected="true" editor-type-id="text-editor">
        <state relative-caret-position="0">
          <caret line="0" column="0" lean-forward="false" selection-start-line="0" selection-start-column="0" selection-end-line="0" selection-end-column="0" />
        </state>
      </provider>
    </entry>
    <entry file="file://$PROJECT_DIR$/data/tarantino_extra.csv">
      <provider selected="true" editor-type-id="text-editor">
        <state relative-caret-position="0">
          <caret line="0" column="0" lean-forward="false" selection-start-line="0" selection-start-column="0" selection-end-line="0" selection-end-column="0" />
          <folding />
        </state>
      </provider>
    </entry>
    <entry file="file://$PROJECT_DIR$/index.html">
      <provider selected="true" editor-type-id="text-editor">
        <state relative-caret-position="306">
          <caret line="18" column="40" lean-forward="false" selection-start-line="18" selection-start-column="40" selection-end-line="18" selection-end-column="40" />
          <folding />
        </state>
      </provider>
    </entry>
    <entry file="file://$PROJECT_DIR$/css/bubble_chart.css">
      <provider selected="true" editor-type-id="text-editor">
        <state relative-caret-position="459">
          <caret line="27" column="11" lean-forward="false" selection-start-line="27" selection-start-column="11" selection-end-line="27" selection-end-column="11" />
          <folding />
        </state>
      </provider>
    </entry>
    <entry file="file://$PROJECT_DIR$/src/bubble_chart.js">
      <provider selected="true" editor-type-id="text-editor">
        <state relative-caret-position="7089">
          <caret line="487" column="26" lean-forward="false" selection-start-line="487" selection-start-column="22" selection-end-line="487" selection-end-column="26" />
          <folding>
            <element signature="e#444#491#0" expanded="false" />
            <element signature="e#602#859#0" expanded="false" />
            <element signature="e#883#1267#0" expanded="false" />
            <element signature="e#1291#1539#0" expanded="false" />
            <element signature="e#1781#1829#0" expanded="false" />
            <element signature="n#!!block;n#charge#0;n#!!block;n#bubbleChart#0" expanded="false" />
            <element signature="e#2434#2470#0" expanded="false" />
            <element signature="e#2822#2859#0" expanded="false" />
            <element signature="e#2941#2993#0" expanded="false" />
            <element signature="e#3253#3716#0" expanded="false" />
            <element signature="n#!!block;n#createNodes#0;n#!!block;n#bubbleChart#0" expanded="false" />
            <element signature="e#4572#5153#0" expanded="false" />
            <element signature="e#5202#6915#0" expanded="false" />
            <element signature="e#6920#7204#0" expanded="false" />
            <element signature="n#!!block;n#ticked#0;n#!!block;n#bubbleChart#0" expanded="false" />
            <element signature="e#7343#7437#0" expanded="false" />
            <element signature="n#!!block;n#nodeYearPosX#0;n#!!block;n#bubbleChart#0" expanded="false" />
            <element signature="n#!!block;n#nodeYearPosY#0;n#!!block;n#bubbleChart#0" expanded="false" />
            <element signature="n#!!block;n#nodeGroupPos#0;n#!!block;n#bubbleChart#0" expanded="false" />
            <element signature="e#7658#7852#0" expanded="false" />
            <element signature="n#!!block;n#groupBubbles#0;n#!!block;n#bubbleChart#0" expanded="false" />
            <element signature="e#8233#8427#0" expanded="false" />
            <element signature="n#!!block;n#splitBubbles#0;n#!!block;n#bubbleChart#0" expanded="false" />
            <element signature="n#!!block;n#vertSplitBubbles#0;n#!!block;n#bubbleChart#0" expanded="false" />
            <element signature="e#9123#9163#0" expanded="false" />
            <element signature="n#!!block;n#hideYearTitles#0;n#!!block;n#bubbleChart#0" expanded="false" />
            <element signature="e#9238#9278#0" expanded="false" />
            <element signature="n#!!block;n#showYearTitles#0;n#!!block;n#bubbleChart#0" expanded="false" />
            <element signature="e#9742#9840#0" expanded="false" />
            <element signature="n#!!block;n#showDetail#0;n#!!block;n#bubbleChart#0" expanded="false" />
            <element signature="e#10560#10587#0" expanded="false" />
            <element signature="n#!!block;n#hideDetail#0;n#!!block;n#bubbleChart#0" expanded="false" />
            <element signature="e#10751#11018#0" expanded="false" />
            <element signature="e#11066#11236#0" expanded="false" />
            <element signature="e#11304#11342#0" expanded="false" />
            <element signature="e#11762#11798#0" expanded="false" />
            <element signature="e#12116#12153#0" expanded="false" />
            <element signature="e#12241#12293#0" expanded="false" />
            <element signature="e#12689#13174#0" expanded="false" />
            <element signature="e#13994#14599#0" expanded="false" />
            <element signature="e#16367#16663#0" expanded="false" />
            <element signature="n#!!block;n#ticked#0;n#!!block;n#lineGraph#0" expanded="false" />
            <element signature="e#16824#16924#0" expanded="false" />
            <element signature="n#!!block;n#nodeYearPosX#0;n#!!block;n#lineGraph#0" expanded="false" />
            <element signature="n#!!block;n#nodeYearPosY#0;n#!!block;n#lineGraph#0" expanded="false" />
            <element signature="n#!!block;n#nodeGroupPos#0;n#!!block;n#lineGraph#0" expanded="false" />
            <element signature="e#17163#17367#0" expanded="false" />
            <element signature="e#17778#17982#0" expanded="false" />
            <element signature="n#!!block;n#splitBubbles#0;n#!!block;n#lineGraph#0" expanded="false" />
            <element signature="n#!!block;n#vertSplitBubbles#0;n#!!block;n#lineGraph#0" expanded="false" />
            <element signature="e#18720#18764#0" expanded="false" />
            <element signature="n#!!block;n#hideYearTitles#0;n#!!block;n#lineGraph#0" expanded="false" />
            <element signature="e#18849#18893#0" expanded="false" />
            <element signature="n#!!block;n#showYearTitles#0;n#!!block;n#lineGraph#0" expanded="false" />
            <element signature="e#19419#19523#0" expanded="false" />
            <element signature="n#!!block;n#showDetail#0;n#!!block;n#lineGraph#0" expanded="false" />
            <element signature="e#20199#20230#0" expanded="false" />
            <element signature="n#!!block;n#hideDetail#0;n#!!block;n#lineGraph#0" expanded="false" />
            <element signature="e#20418#20697#0" expanded="false" />
            <element signature="e#20747#20953#0" expanded="false" />
            <element signature="e#21025#21173#0" expanded="false" />
            <element signature="n#!!block;n#makeCurseWords#0" expanded="false" />
            <element signature="n#!!block;n#curseGroups#0" expanded="false" />
            <element signature="n#!!block;n#checkForDuplicates#0" expanded="false" />
            <element signature="n#!!block;n#getExtraData#0" expanded="false" />
            <element signature="e#23636#23750#0" expanded="false" />
            <element signature="e#24307#24385#0" expanded="false" />
            <element signature="n#!!block;n#setupButtons#0" expanded="false" />
            <element signature="e#24958#25066#0" expanded="false" />
            <element signature="n#!!block;n#addCommas#0" expanded="false" />
          </folding>
        </state>
      </provider>
    </entry>
    <entry file="file://$PROJECT_DIR$/data/tarantino.csv">
      <provider selected="true" editor-type-id="text-editor">
        <state relative-caret-position="0">
          <caret line="0" column="0" lean-forward="false" selection-start-line="0" selection-start-column="0" selection-end-line="0" selection-end-column="0" />
        </state>
      </provider>
    </entry>
    <entry file="file://$PROJECT_DIR$/data/tarantino_extra.csv">
      <provider selected="true" editor-type-id="text-editor">
        <state relative-caret-position="0">
          <caret line="0" column="0" lean-forward="false" selection-start-line="0" selection-start-column="0" selection-end-line="0" selection-end-column="0" />
          <folding />
        </state>
      </provider>
    </entry>
    <entry file="file://$PROJECT_DIR$/index.html">
      <provider selected="true" editor-type-id="text-editor">
        <state relative-caret-position="306">
          <caret line="18" column="40" lean-forward="false" selection-start-line="18" selection-start-column="40" selection-end-line="18" selection-end-column="40" />
          <folding />
        </state>
      </provider>
    </entry>
    <entry file="file://$PROJECT_DIR$/css/bubble_chart.css">
      <provider selected="true" editor-type-id="text-editor">
        <state relative-caret-position="459">
          <caret line="27" column="11" lean-forward="false" selection-start-line="27" selection-start-column="11" selection-end-line="27" selection-end-column="11" />
          <folding />
        </state>
      </provider>
    </entry>
    <entry file="file://$PROJECT_DIR$/src/bubble_chart.js">
      <provider selected="true" editor-type-id="text-editor">
        <state relative-caret-position="0">
          <caret line="0" column="0" lean-forward="false" selection-start-line="0" selection-start-column="0" selection-end-line="0" selection-end-column="0" />
          <folding>
            <element signature="e#444#491#0" expanded="false" />
            <element signature="e#602#859#0" expanded="false" />
            <element signature="e#883#1267#0" expanded="false" />
            <element signature="e#1291#1539#0" expanded="false" />
            <element signature="e#1781#1829#0" expanded="false" />
            <element signature="n#!!block;n#charge#0;n#!!block;n#bubbleChart#0" expanded="false" />
            <element signature="e#2434#2470#0" expanded="false" />
            <element signature="e#2822#2859#0" expanded="false" />
            <element signature="e#2941#2993#0" expanded="false" />
            <element signature="e#3253#3716#0" expanded="false" />
            <element signature="n#!!block;n#createNodes#0;n#!!block;n#bubbleChart#0" expanded="false" />
            <element signature="e#4572#5153#0" expanded="false" />
            <element signature="e#5202#6915#0" expanded="false" />
            <element signature="e#6920#7204#0" expanded="false" />
            <element signature="n#!!block;n#ticked#0;n#!!block;n#bubbleChart#0" expanded="false" />
            <element signature="e#7343#7437#0" expanded="false" />
            <element signature="n#!!block;n#nodeYearPosX#0;n#!!block;n#bubbleChart#0" expanded="false" />
            <element signature="n#!!block;n#nodeYearPosY#0;n#!!block;n#bubbleChart#0" expanded="false" />
            <element signature="n#!!block;n#nodeGroupPos#0;n#!!block;n#bubbleChart#0" expanded="false" />
            <element signature="e#7658#7852#0" expanded="false" />
            <element signature="n#!!block;n#groupBubbles#0;n#!!block;n#bubbleChart#0" expanded="false" />
            <element signature="e#8233#8427#0" expanded="false" />
            <element signature="n#!!block;n#splitBubbles#0;n#!!block;n#bubbleChart#0" expanded="false" />
            <element signature="n#!!block;n#vertSplitBubbles#0;n#!!block;n#bubbleChart#0" expanded="false" />
            <element signature="e#9123#9163#0" expanded="false" />
            <element signature="n#!!block;n#hideYearTitles#0;n#!!block;n#bubbleChart#0" expanded="false" />
            <element signature="e#9238#9278#0" expanded="false" />
            <element signature="n#!!block;n#showYearTitles#0;n#!!block;n#bubbleChart#0" expanded="false" />
            <element signature="e#9742#9840#0" expanded="false" />
            <element signature="n#!!block;n#showDetail#0;n#!!block;n#bubbleChart#0" expanded="false" />
            <element signature="e#10560#10587#0" expanded="false" />
            <element signature="n#!!block;n#hideDetail#0;n#!!block;n#bubbleChart#0" expanded="false" />
            <element signature="e#10751#11018#0" expanded="false" />
            <element signature="e#11066#11236#0" expanded="false" />
            <element signature="e#11304#11342#0" expanded="false" />
            <element signature="e#11762#11798#0" expanded="false" />
            <element signature="e#12116#12153#0" expanded="false" />
            <element signature="e#12241#12293#0" expanded="false" />
            <element signature="e#12689#13174#0" expanded="false" />
            <element signature="e#13994#14599#0" expanded="false" />
            <element signature="e#16367#16663#0" expanded="false" />
            <element signature="n#!!block;n#ticked#0;n#!!block;n#lineGraph#0" expanded="false" />
            <element signature="e#16824#16924#0" expanded="false" />
            <element signature="n#!!block;n#nodeYearPosX#0;n#!!block;n#lineGraph#0" expanded="false" />
            <element signature="n#!!block;n#nodeYearPosY#0;n#!!block;n#lineGraph#0" expanded="false" />
            <element signature="n#!!block;n#nodeGroupPos#0;n#!!block;n#lineGraph#0" expanded="false" />
            <element signature="e#17163#17367#0" expanded="false" />
            <element signature="e#17778#17982#0" expanded="false" />
            <element signature="n#!!block;n#splitBubbles#0;n#!!block;n#lineGraph#0" expanded="false" />
            <element signature="n#!!block;n#vertSplitBubbles#0;n#!!block;n#lineGraph#0" expanded="false" />
            <element signature="e#18720#18764#0" expanded="false" />
            <element signature="n#!!block;n#hideYearTitles#0;n#!!block;n#lineGraph#0" expanded="false" />
            <element signature="e#18849#18893#0" expanded="false" />
            <element signature="n#!!block;n#showYearTitles#0;n#!!block;n#lineGraph#0" expanded="false" />
            <element signature="e#19419#19523#0" expanded="false" />
            <element signature="n#!!block;n#showDetail#0;n#!!block;n#lineGraph#0" expanded="false" />
            <element signature="e#20199#20230#0" expanded="false" />
            <element signature="n#!!block;n#hideDetail#0;n#!!block;n#lineGraph#0" expanded="false" />
            <element signature="e#20418#20697#0" expanded="false" />
            <element signature="e#20747#20953#0" expanded="false" />
            <element signature="e#21025#21173#0" expanded="false" />
            <element signature="n#!!block;n#makeCurseWords#0" expanded="false" />
            <element signature="n#!!block;n#curseGroups#0" expanded="false" />
            <element signature="n#!!block;n#checkForDuplicates#0" expanded="false" />
            <element signature="n#!!block;n#getExtraData#0" expanded="false" />
            <element signature="e#23636#23750#0" expanded="false" />
            <element signature="e#24307#24385#0" expanded="false" />
            <element signature="n#!!block;n#setupButtons#0" expanded="false" />
            <element signature="e#24958#25066#0" expanded="false" />
            <element signature="n#!!block;n#addCommas#0" expanded="false" />
          </folding>
        </state>
      </provider>
    </entry>
    <entry file="file://$PROJECT_DIR$/data/tarantino.csv">
      <provider selected="true" editor-type-id="text-editor">
        <state relative-caret-position="0">
          <caret line="0" column="0" lean-forward="false" selection-start-line="0" selection-start-column="0" selection-end-line="0" selection-end-column="0" />
        </state>
      </provider>
    </entry>
    <entry file="file://$PROJECT_DIR$/data/tarantino_extra.csv">
      <provider selected="true" editor-type-id="text-editor">
        <state relative-caret-position="0">
          <caret line="0" column="0" lean-forward="false" selection-start-line="0" selection-start-column="0" selection-end-line="0" selection-end-column="0" />
          <folding />
        </state>
      </provider>
    </entry>
    <entry file="file://$PROJECT_DIR$/index.html">
      <provider selected="true" editor-type-id="text-editor">
        <state relative-caret-position="306">
          <caret line="18" column="40" lean-forward="false" selection-start-line="18" selection-start-column="40" selection-end-line="18" selection-end-column="40" />
          <folding />
        </state>
      </provider>
    </entry>
    <entry file="file://$PROJECT_DIR$/css/bubble_chart.css">
      <provider selected="true" editor-type-id="text-editor">
        <state relative-caret-position="459">
          <caret line="27" column="11" lean-forward="false" selection-start-line="27" selection-start-column="11" selection-end-line="27" selection-end-column="11" />
          <folding />
        </state>
      </provider>
    </entry>
    <entry file="file://$PROJECT_DIR$/src/bubble_chart.js">
      <provider selected="true" editor-type-id="text-editor">
        <state relative-caret-position="6001">
          <caret line="399" column="24" lean-forward="false" selection-start-line="399" selection-start-column="24" selection-end-line="399" selection-end-column="24" />
          <folding>
            <element signature="e#444#491#0" expanded="false" />
            <element signature="e#602#859#0" expanded="false" />
            <element signature="e#883#1267#0" expanded="false" />
            <element signature="e#1291#1539#0" expanded="false" />
            <element signature="e#1781#1829#0" expanded="false" />
            <element signature="n#!!block;n#charge#0;n#!!block;n#bubbleChart#0" expanded="false" />
            <element signature="e#2434#2470#0" expanded="false" />
            <element signature="e#2822#2859#0" expanded="false" />
            <element signature="e#2941#2993#0" expanded="false" />
            <element signature="e#3253#3716#0" expanded="false" />
            <element signature="n#!!block;n#createNodes#0;n#!!block;n#bubbleChart#0" expanded="false" />
            <element signature="e#4572#5153#0" expanded="false" />
            <element signature="e#5202#6915#0" expanded="false" />
            <element signature="e#6920#7204#0" expanded="false" />
            <element signature="n#!!block;n#ticked#0;n#!!block;n#bubbleChart#0" expanded="false" />
            <element signature="e#7343#7437#0" expanded="false" />
            <element signature="n#!!block;n#nodeYearPosX#0;n#!!block;n#bubbleChart#0" expanded="false" />
            <element signature="n#!!block;n#nodeYearPosY#0;n#!!block;n#bubbleChart#0" expanded="false" />
            <element signature="n#!!block;n#nodeGroupPos#0;n#!!block;n#bubbleChart#0" expanded="false" />
            <element signature="e#7658#7852#0" expanded="false" />
            <element signature="n#!!block;n#groupBubbles#0;n#!!block;n#bubbleChart#0" expanded="false" />
            <element signature="e#8233#8427#0" expanded="false" />
            <element signature="n#!!block;n#splitBubbles#0;n#!!block;n#bubbleChart#0" expanded="false" />
            <element signature="n#!!block;n#vertSplitBubbles#0;n#!!block;n#bubbleChart#0" expanded="false" />
            <element signature="e#9123#9163#0" expanded="false" />
            <element signature="n#!!block;n#hideYearTitles#0;n#!!block;n#bubbleChart#0" expanded="false" />
            <element signature="e#9238#9278#0" expanded="false" />
            <element signature="n#!!block;n#showYearTitles#0;n#!!block;n#bubbleChart#0" expanded="false" />
            <element signature="e#9742#9840#0" expanded="false" />
            <element signature="n#!!block;n#showDetail#0;n#!!block;n#bubbleChart#0" expanded="false" />
            <element signature="e#10560#10587#0" expanded="false" />
            <element signature="n#!!block;n#hideDetail#0;n#!!block;n#bubbleChart#0" expanded="false" />
            <element signature="e#10751#11018#0" expanded="false" />
            <element signature="e#11066#11236#0" expanded="false" />
            <element signature="e#11304#11342#0" expanded="false" />
            <element signature="e#11762#11798#0" expanded="false" />
            <element signature="e#12116#12153#0" expanded="false" />
            <element signature="e#12241#12293#0" expanded="false" />
            <element signature="e#12689#13174#0" expanded="false" />
            <element signature="e#13994#14599#0" expanded="false" />
            <element signature="e#16367#16663#0" expanded="false" />
            <element signature="n#!!block;n#ticked#0;n#!!block;n#lineGraph#0" expanded="false" />
            <element signature="e#16824#16924#0" expanded="false" />
            <element signature="n#!!block;n#nodeYearPosX#0;n#!!block;n#lineGraph#0" expanded="false" />
            <element signature="n#!!block;n#nodeYearPosY#0;n#!!block;n#lineGraph#0" expanded="false" />
            <element signature="n#!!block;n#nodeGroupPos#0;n#!!block;n#lineGraph#0" expanded="false" />
            <element signature="e#17163#17367#0" expanded="false" />
            <element signature="e#17778#17982#0" expanded="false" />
            <element signature="n#!!block;n#splitBubbles#0;n#!!block;n#lineGraph#0" expanded="false" />
            <element signature="n#!!block;n#vertSplitBubbles#0;n#!!block;n#lineGraph#0" expanded="false" />
            <element signature="e#18720#18764#0" expanded="false" />
            <element signature="n#!!block;n#hideYearTitles#0;n#!!block;n#lineGraph#0" expanded="false" />
            <element signature="e#18849#18893#0" expanded="false" />
            <element signature="n#!!block;n#showYearTitles#0;n#!!block;n#lineGraph#0" expanded="false" />
            <element signature="e#19419#19523#0" expanded="false" />
            <element signature="n#!!block;n#showDetail#0;n#!!block;n#lineGraph#0" expanded="false" />
            <element signature="e#20199#20230#0" expanded="false" />
            <element signature="n#!!block;n#hideDetail#0;n#!!block;n#lineGraph#0" expanded="false" />
            <element signature="e#20418#20697#0" expanded="false" />
            <element signature="e#20747#20953#0" expanded="false" />
            <element signature="e#21025#21173#0" expanded="false" />
            <element signature="n#!!block;n#makeCurseWords#0" expanded="false" />
            <element signature="n#!!block;n#curseGroups#0" expanded="false" />
            <element signature="n#!!block;n#checkForDuplicates#0" expanded="false" />
            <element signature="n#!!block;n#getExtraData#0" expanded="false" />
            <element signature="e#23636#23750#0" expanded="false" />
            <element signature="e#24307#24385#0" expanded="false" />
            <element signature="n#!!block;n#setupButtons#0" expanded="false" />
            <element signature="e#24958#25066#0" expanded="false" />
            <element signature="n#!!block;n#addCommas#0" expanded="false" />
          </folding>
        </state>
      </provider>
    </entry>
    <entry file="file://$PROJECT_DIR$/data/tarantino.csv">
      <provider selected="true" editor-type-id="text-editor">
        <state relative-caret-position="0">
          <caret line="0" column="0" lean-forward="false" selection-start-line="0" selection-start-column="0" selection-end-line="0" selection-end-column="0" />
        </state>
      </provider>
    </entry>
    <entry file="file://$PROJECT_DIR$/index.html">
      <provider selected="true" editor-type-id="text-editor">
        <state relative-caret-position="306">
          <caret line="18" column="40" lean-forward="false" selection-start-line="18" selection-start-column="40" selection-end-line="18" selection-end-column="40" />
          <folding />
        </state>
      </provider>
    </entry>
    <entry file="file://$PROJECT_DIR$/css/bubble_chart.css">
      <provider selected="true" editor-type-id="text-editor">
        <state relative-caret-position="459">
          <caret line="27" column="11" lean-forward="false" selection-start-line="27" selection-start-column="11" selection-end-line="27" selection-end-column="11" />
          <folding />
        </state>
      </provider>
    </entry>
    <entry file="file://$PROJECT_DIR$/data/tarantino_extra.csv">
      <provider selected="true" editor-type-id="text-editor">
        <state relative-caret-position="0">
          <caret line="0" column="0" lean-forward="false" selection-start-line="0" selection-start-column="0" selection-end-line="0" selection-end-column="0" />
          <folding />
        </state>
      </provider>
    </entry>
    <entry file="file://$PROJECT_DIR$/bubble_chart.js" />
    <entry file="file://$PROJECT_DIR$/bubble_chart.css" />
    <entry file="file://$PROJECT_DIR$/tarantino.csv" />
    <entry file="file://$PROJECT_DIR$/tarantino_extra.csv" />
    <entry file="file://$PROJECT_DIR$/tarantino_extra.csv" />
    <entry file="file://$PROJECT_DIR$/tarantino.csv" />
    <entry file="file://$PROJECT_DIR$/bubble_chart.css" />
    <entry file="file://$PROJECT_DIR$/bubble_chart.js" />
    <entry file="file://$PROJECT_DIR$/data/tarantino.csv">
      <provider selected="true" editor-type-id="text-editor">
        <state relative-caret-position="0">
          <caret line="0" column="0" lean-forward="false" selection-start-line="0" selection-start-column="0" selection-end-line="0" selection-end-column="0" />
        </state>
      </provider>
    </entry>
    <entry file="file://$PROJECT_DIR$/lib/d3/d3.js">
      <provider selected="true" editor-type-id="text-editor">
        <state relative-caret-position="-281004">
          <caret line="0" column="0" lean-forward="false" selection-start-line="0" selection-start-column="0" selection-end-line="0" selection-end-column="0" />
        </state>
      </provider>
    </entry>
    <entry file="file://$PROJECT_DIR$/css/bubble_chart.css">
      <provider selected="true" editor-type-id="text-editor">
        <state relative-caret-position="51">
          <caret line="3" column="0" lean-forward="false" selection-start-line="3" selection-start-column="0" selection-end-line="3" selection-end-column="0" />
          <folding />
        </state>
      </provider>
    </entry>
    <entry file="file://$PROJECT_DIR$/LICENSE">
      <provider selected="true" editor-type-id="text-editor">
        <state relative-caret-position="306">
          <caret line="18" column="21" lean-forward="true" selection-start-line="18" selection-start-column="21" selection-end-line="18" selection-end-column="21" />
        </state>
      </provider>
    </entry>
    <entry file="file://$PROJECT_DIR$/README.md">
      <provider selected="true" editor-type-id="text-editor">
        <state relative-caret-position="51">
          <caret line="3" column="0" lean-forward="true" selection-start-line="3" selection-start-column="0" selection-end-line="3" selection-end-column="0" />
        </state>
      </provider>
    </entry>
    <entry file="file://$PROJECT_DIR$/index.html">
      <provider selected="true" editor-type-id="text-editor">
        <state relative-caret-position="340">
          <caret line="20" column="18" lean-forward="false" selection-start-line="20" selection-start-column="18" selection-end-line="20" selection-end-column="18" />
          <folding />
        </state>
      </provider>
    </entry>
    <entry file="file://$PROJECT_DIR$/data/tarantino_extra.csv">
      <provider selected="true" editor-type-id="text-editor">
        <state relative-caret-position="153">
          <caret line="9" column="30" lean-forward="false" selection-start-line="9" selection-start-column="30" selection-end-line="9" selection-end-column="30" />
          <folding />
        </state>
      </provider>
    </entry>
    <entry file="file://$PROJECT_DIR$/src/bubble_chart.js">
      <provider selected="true" editor-type-id="text-editor">
        <state relative-caret-position="253">
          <caret line="489" column="40" lean-forward="true" selection-start-line="489" selection-start-column="40" selection-end-line="489" selection-end-column="40" />
          <folding>
            <element signature="e#444#491#0" expanded="false" />
            <element signature="e#602#859#0" expanded="false" />
            <element signature="e#883#1267#0" expanded="false" />
            <element signature="e#1291#1539#0" expanded="false" />
            <element signature="e#1781#1829#0" expanded="false" />
            <element signature="n#!!block;n#charge#0;n#!!block;n#bubbleChart#0" expanded="false" />
            <element signature="e#2434#2470#0" expanded="false" />
            <element signature="e#2822#2859#0" expanded="false" />
            <element signature="e#2941#2993#0" expanded="false" />
            <element signature="e#3253#3716#0" expanded="false" />
            <element signature="n#!!block;n#createNodes#0;n#!!block;n#bubbleChart#0" expanded="false" />
            <element signature="e#4572#5153#0" expanded="false" />
            <element signature="e#5202#6915#0" expanded="false" />
            <element signature="e#6920#7204#0" expanded="false" />
            <element signature="n#!!block;n#ticked#0;n#!!block;n#bubbleChart#0" expanded="false" />
            <element signature="e#7343#7437#0" expanded="false" />
            <element signature="n#!!block;n#nodeYearPosX#0;n#!!block;n#bubbleChart#0" expanded="false" />
            <element signature="n#!!block;n#nodeYearPosY#0;n#!!block;n#bubbleChart#0" expanded="false" />
            <element signature="n#!!block;n#nodeGroupPos#0;n#!!block;n#bubbleChart#0" expanded="false" />
            <element signature="e#7658#7852#0" expanded="false" />
            <element signature="n#!!block;n#groupBubbles#0;n#!!block;n#bubbleChart#0" expanded="false" />
            <element signature="e#8233#8427#0" expanded="false" />
            <element signature="n#!!block;n#splitBubbles#0;n#!!block;n#bubbleChart#0" expanded="false" />
            <element signature="n#!!block;n#vertSplitBubbles#0;n#!!block;n#bubbleChart#0" expanded="false" />
            <element signature="e#9123#9163#0" expanded="false" />
            <element signature="n#!!block;n#hideYearTitles#0;n#!!block;n#bubbleChart#0" expanded="false" />
            <element signature="e#9238#9278#0" expanded="false" />
            <element signature="n#!!block;n#showYearTitles#0;n#!!block;n#bubbleChart#0" expanded="false" />
            <element signature="e#9742#9840#0" expanded="false" />
            <element signature="n#!!block;n#showDetail#0;n#!!block;n#bubbleChart#0" expanded="false" />
            <element signature="e#10560#10587#0" expanded="false" />
            <element signature="n#!!block;n#hideDetail#0;n#!!block;n#bubbleChart#0" expanded="false" />
            <element signature="e#10751#11018#0" expanded="false" />
            <element signature="e#11066#11236#0" expanded="false" />
            <element signature="e#11304#11342#0" expanded="false" />
            <element signature="e#11762#11798#0" expanded="false" />
            <element signature="e#12116#12153#0" expanded="false" />
            <element signature="e#12241#12293#0" expanded="false" />
            <element signature="e#12689#13174#0" expanded="false" />
            <element signature="e#13994#14599#0" expanded="false" />
            <element signature="e#16367#16663#0" expanded="false" />
            <element signature="n#!!block;n#ticked#0;n#!!block;n#lineGraph#0" expanded="false" />
            <element signature="e#16824#16924#0" expanded="false" />
            <element signature="n#!!block;n#nodeYearPosX#0;n#!!block;n#lineGraph#0" expanded="false" />
            <element signature="n#!!block;n#nodeYearPosY#0;n#!!block;n#lineGraph#0" expanded="false" />
            <element signature="n#!!block;n#nodeGroupPos#0;n#!!block;n#lineGraph#0" expanded="false" />
            <element signature="e#17163#17367#0" expanded="false" />
            <element signature="e#17778#17982#0" expanded="false" />
            <element signature="n#!!block;n#splitBubbles#0;n#!!block;n#lineGraph#0" expanded="false" />
            <element signature="n#!!block;n#vertSplitBubbles#0;n#!!block;n#lineGraph#0" expanded="false" />
            <element signature="e#18720#18764#0" expanded="false" />
            <element signature="n#!!block;n#hideYearTitles#0;n#!!block;n#lineGraph#0" expanded="false" />
            <element signature="e#18849#18893#0" expanded="false" />
            <element signature="n#!!block;n#showYearTitles#0;n#!!block;n#lineGraph#0" expanded="false" />
            <element signature="e#19419#19523#0" expanded="false" />
            <element signature="n#!!block;n#showDetail#0;n#!!block;n#lineGraph#0" expanded="false" />
            <element signature="e#20199#20230#0" expanded="false" />
            <element signature="n#!!block;n#hideDetail#0;n#!!block;n#lineGraph#0" expanded="false" />
            <element signature="e#20418#20697#0" expanded="false" />
            <element signature="e#20747#20953#0" expanded="false" />
            <element signature="e#21025#21173#0" expanded="false" />
            <element signature="n#!!block;n#makeCurseWords#0" expanded="false" />
            <element signature="n#!!block;n#curseGroups#0" expanded="false" />
            <element signature="n#!!block;n#checkForDuplicates#0" expanded="false" />
            <element signature="n#!!block;n#getExtraData#0" expanded="false" />
            <element signature="e#23636#23750#0" expanded="false" />
            <element signature="e#24307#24385#0" expanded="false" />
            <element signature="n#!!block;n#setupButtons#0" expanded="false" />
            <element signature="e#24958#25066#0" expanded="false" />
            <element signature="n#!!block;n#addCommas#0" expanded="false" />
          </folding>
        </state>
      </provider>
    </entry>
    <entry file="file://$PROJECT_DIR$/.gitignore">
      <provider selected="true" editor-type-id="text-editor">
        <state relative-caret-position="34">
          <caret line="2" column="6" lean-forward="false" selection-start-line="2" selection-start-column="6" selection-end-line="2" selection-end-column="6" />
          <folding />
        </state>
      </provider>
    </entry>
  </component>
</project>